Fe1,Fe2,Fe3,Fe4,Fe5,Fe6,Fe7,Fe8,Fe9,Fe10,Fe11,Fe12,Target
11.788631288926268,-16.359290935779033,-5.30543524458669,-2.742672892236711,0.1220344710592944,-11.489636249922237,1.7292401313032826,-0.3685036904512125,-1.1408154214678463,3.946924910844366,1.180197587748444,-2.218794191726537,0.0
10.277985804858105,-18.249295868026486,-7.360903393089403,-7.438587294339169,-2.658713251661732,-10.362078656282192,3.812199907216123,5.2120786104156585,3.610327494376059,3.677640556853303,1.727231048018012,-2.177583165944004,1.0
9.861421984613406,-18.327155831342104,-7.067978184573904,-4.895261809340823,1.3689815644182246,-8.132613594649175,2.108732190896591,1.0009871035609554,-0.5113371920937296,-1.4139763267557968,-3.729602431934537,-3.7983078654804814,2.0
10.744972514525264,-18.30831759964063,-7.505713686801058,-4.342661554733935,-1.505847172392452,-12.618893172311354,1.4388098051107625,0.2700999177501614,0.8229927745075621,4.51371706561542,0.6113954073062126,-1.4658287346921008,3.0
10.231004647561765,-19.053781917184285,-13.855038753895297,-7.693555290979205,-0.8190050226787765,-13.336552402241486,3.7356742750557808,2.8208196423900804,-0.6171175889392795,1.9986708436341485,-0.5763348546406972,0.1545155610639544,4.0
11.811881958319685,-16.77909839293573,-12.692283581177788,-4.670553337582355,2.074012475965899,-10.841629503300522,5.725840772977459,3.325279170035603,-0.6795005634748548,3.79676758911382,0.4213367036988571,-1.817094751163931,5.0
13.108390642516389,-21.239709972154035,-17.837300975232456,2.024331949218645,2.1853031473562905,-13.679558980155676,11.239795437839732,-0.769322892796319,-7.735896206835774,5.347749271256162,-1.5477811153318404,-3.75049997786362,6.0
10.851042900420657,-21.134158695159773,-12.566028471375535,-4.885517352871103,-0.8788489296941966,-11.311193172261069,6.362172480815056,-0.4395460292115273,-5.339284974669051,1.8202494845883463,1.1485352052101,0.2356664712985494,7.0
11.200126056640334,-20.472109774884075,-9.113188510616345,-4.415693895506808,1.5565093685801688,-8.104012465524418,4.269579428867428,-1.5512267340929424,-4.202312812386409,1.241634891073227,-0.8370138399480491,-2.862748385267999,8.0
10.638313764687208,-18.59568037577569,-15.069951034444912,-6.050893797743488,1.1725823800746795,-10.21511818047156,7.391848913005166,1.3097482993138911,-2.727705598262159,2.933196575546668,-0.470300840392534,-1.861067931470292,9.0
11.792469483268777,-15.133092672907647,-8.601830642390544,-7.278567853666689,-2.329361411827882,-11.245299336522676,2.3743290126172294,-0.8529149857659962,-3.0197816217490967,3.3602014315070234,2.5367579840697347,-0.8687995720371048,0.0
9.847937644798227,-20.676727434899785,-10.409635092752122,-11.133850301573476,-4.593159608305721,-12.515116450696098,0.524323322211236,2.9915699586873927,2.457481485587479,2.5209219092151764,1.1416608756145674,-2.5233769338946144,1.0
10.667561591586631,-22.608973475763936,-7.806923648776883,-7.297969405753608,1.2405819249800192,-6.655827117993903,2.619712538738301,-1.2253042110593244,-2.657705656874201,0.8693922561992072,-0.6077417243657743,-2.5762479001491974,2.0
10.51845254988228,-21.20067736410685,-11.69736349358691,-7.796823212636854,-3.53966334175744,-14.627055033461115,0.3249336536597872,-1.4373076375121658,0.490957903313056,5.514925635792745,1.5592462700922844,0.669829878694885,3.0
9.10744450004117,-22.156563226235363,-13.493429109577248,-11.518524222784404,-2.581785422735451,-10.95076304604894,1.6800285139021849,0.2427228241338148,-1.7913838793042176,-0.4047348358798492,-0.7131863310692895,3.0356200226943124,4.0
10.98640709898334,-20.18647786528132,-14.195747248262204,-10.20008292563291,-0.2549555155160398,-8.76998877968492,8.194536250628966,4.019381972709506,-4.306654518114566,-0.6362585272382825,0.8513851304914029,0.2435320723025359,5.0
11.831636650236677,-22.19632819428622,-14.01874653151812,-3.662223787742017,-1.272458702220708,-12.4979481412748,6.045523666312121,-0.9729701609874069,-5.513195619469942,2.5532266871062186,0.6141498216831051,-3.746215860709398,6.0
11.132702531640948,-20.42399074697145,-17.243122390439275,-9.0278334209647,-0.9536826097284904,-9.688815634114352,9.70171386311907,-0.3274096331783415,-12.066262034792356,-2.848947807664988,1.3908627997016152,1.1793866741614918,7.0
12.284614363117331,-19.54937664255548,-10.720223700815144,-6.712220491036237,1.5128144977308071,-7.4139418160805155,4.748149918384888,-2.023915094683252,-6.169397681163405,0.0485539664520989,0.2209215896418443,-2.396754827342907,8.0
10.422675155250625,-19.187252486718776,-14.884389320092962,-11.306341933090572,-0.4542193577003036,-9.436821992911243,5.801195346294472,-0.092630750645135,-5.898520471236375,1.0081313860268724,0.6362383249695093,-1.8488641198863285,9.0
10.962647723682169,-19.41708402101818,-7.485921238781081,-5.654452097926504,-2.913315863347634,-13.168772713196368,2.9108920258442583,-1.4723161264501927,-4.4693812409535285,2.8042396620291856,1.3052768630285814,-1.3260059480277069,0.0
10.248908699947076,-21.8910142525732,-9.273051627340855,-7.634375487612541,-3.22163267682044,-12.158362246389371,3.5272183309366745,1.214620077470968,-0.4439112288528063,3.723028293503771,0.7874883816877774,-1.6033743948436308,1.0
10.645645201396174,-19.737631051713112,-10.639831041091112,-8.668933909109446,2.141245800710473,-5.218286723224725,4.966846897078258,-3.572608194679607,-6.686876966594374,-1.5661966040452786,-3.573947264960309,-0.7907776226696164,2.0
10.518064126697444,-22.592665540763544,-9.984410691466785,-9.248584701379407,-3.260485948675721,-13.458182436261156,-1.2037365208348318,-1.197609916128198,0.0068167208819216,3.8304694356575273,1.0008150991574394,-1.4159650936506427,3.0
9.684295836376323,-19.17057209447238,-16.496193809027865,-12.426951664834007,-2.968541319991973,-13.130041538614126,5.077046135196379,4.441934709417224,-4.428783464635027,-2.627717737911269,-0.6642914811790159,1.701155557699154,4.0
12.76906752772989,-21.34691540968713,-11.38153706917303,-8.111476679776757,-0.993896575562326,-9.58602880902724,4.466491409964969,0.4307454927624064,-1.4788256365564618,4.047494463009877,1.0694667058219325,-1.9480453950666965,5.0
11.21438373992393,-22.37728015340012,-16.28996065659106,-2.302966289933653,-0.5630926879693989,-13.469707090364004,7.790191650925373,-1.3630254487110338,-7.897557164741978,2.0307766738480963,-0.540860934209946,-2.934349716655825,6.0
10.507306434798682,-22.064393145491927,-12.262625510866917,-7.493420393819095,-1.699417245895428,-10.14009777337484,6.339292332821533,-0.970486768104059,-6.119768763631375,0.3843752289227712,0.3753444041193687,-0.3502253143100096,7.0
10.731008109090512,-21.668352428677213,-10.855619251209497,-7.070868548437427,1.1524338861697696,-8.364044714367846,4.498068497681101,-2.4888026321169203,-5.981409505572446,0.2255514676599626,-0.8678280933047038,-1.5078356066611431,8.0
10.814037446569992,-21.050183206242345,-14.03302039017947,-10.312053388836384,-1.7475995477483826,-10.843133389289497,4.86094927623204,-0.6522120872698727,-3.138285839811336,1.980238395609556,0.2424723750627394,0.7047451943494227,9.0
10.454487945067036,-17.808955201838362,-9.858591628575716,-5.841720322945539,-0.7651165628309824,-12.401981435911113,4.531231568020908,-3.0255689386914217,-8.898032948911675,0.4919264043158809,0.1474396589645102,-0.7641892066553716,0.0
10.649779731325683,-21.79377195232932,-11.444667057198794,-8.913719023835508,-1.82956574816488,-12.310130401141668,3.1422994235916617,3.2103395593783945,-1.3306244129932054,-0.2575865964300365,-0.6587601044831146,-1.011007586438751,1.0
9.587088230266795,-20.2469094196914,-8.18492426702801,-8.31512684635534,-0.2451400400677876,-6.587718530486682,5.198784646348286,-0.583095869455525,-5.587025637197772,-3.562194974913357,-4.687794202441371,-2.229581779697966,2.0
8.8965956481813,-21.253212364889333,-10.797125680147504,-7.422282015228305,-2.8615122235281647,-15.808922567070685,-2.129861668105682,-3.0275586009198943,-1.1812445423112916,4.816181264466428,0.59949181503335,-1.8113885196596484,3.0
9.025422464393555,-18.14352385826976,-14.76936239788851,-13.358971918620409,-3.6724262021464513,-11.852265748210746,3.844915809999397,3.918305934388527,-1.916910750809596,-1.8058256583798395,-2.262486839351551,-0.3426982229209677,4.0
11.338817902067229,-20.0689034598292,-14.299128437401173,-7.716250977963559,-0.2198722895334325,-11.992833473528568,5.423204953299591,1.7432491153199825,-2.522437616409926,0.86078459770339,-1.722597261618566,0.2160623425635815,5.0
12.692467844942758,-23.558313031518693,-18.07981227795782,-3.3379327101881286,-0.9473429165827344,-12.89339268454911,8.358691179276256,-2.335804827448196,-8.724642567024796,1.484226027886152,0.0090878487505,-0.5871139075772425,6.0
11.017196201509028,-23.002767340926106,-14.548094724780666,-7.405083894570938,-1.316178565096974,-10.276350049632155,6.944263397039851,-0.8744583950301951,-8.368472112684683,-0.4129355333090544,2.122831903328412,0.6083582970371264,7.0
11.853950591492817,-20.767932890455818,-11.329595825140627,-6.34884915149104,0.9848832262140644,-7.4902393500201585,6.752176753453916,-2.618150998768405,-8.646868586179567,-1.3199246291447837,-0.7894860518671649,-0.9999628703315824,8.0
10.974382953430982,-17.799427888321624,-15.27641780056173,-11.459066456431492,-0.1706200347305095,-8.014701575193945,7.416353237162829,0.6720279631150131,-4.859759204278106,1.0742020866707305,1.3555588999440855,-0.0700318738453909,9.0
10.894243931939256,-16.634295612681715,-8.86418791328005,-7.230318593214371,-1.7584581170607838,-10.692839131588498,5.246033754441598,-0.7950177051990152,-5.829364063912931,2.417884371763903,2.649859250344721,0.511209456111838,0.0
10.349510106873783,-21.81176500446661,-9.826764784739144,-9.741601043189869,-4.169834938919688,-13.036850451163518,1.5714647440872698,2.106576547660735,-0.1232452364431615,1.1037120325482117,-2.1085330904572146,-4.161838648348482,1.0
9.85408078783701,-22.912600209417548,-8.200076079482391,-7.640963337517533,-0.2279571911194816,-7.99184494682677,2.6705534353880167,-1.811215903307227,-3.615547281313624,-1.073145819035901,-3.031713161210118,-3.23446460728872,2.0
10.059849503937803,-21.70847308729926,-10.7948165445455,-9.414227305349195,-3.714285133924921,-13.068297683944827,1.1338245615272955,-0.1591399213244189,-0.3046158489956087,4.428785321718151,1.816423643692476,0.802191941743745,3.0
10.185279455986342,-19.12200898839748,-16.09471407964315,-11.354597405713273,-3.074296234847381,-14.159806485691602,3.921877209182977,2.70388694210314,-3.4276248639187106,-1.2681617302250336,-1.1031154479753953,2.01618896670682,4.0
11.055765515761372,-20.188860875232614,-13.988315213829091,-6.598343838941079,-0.1786034488757726,-11.460836455013244,5.7377897216174345,1.0310520270938883,-2.526966550924857,2.3637851883427987,-0.7120221197621123,-1.1711864218859886,5.0
13.459264200168075,-22.21431220859161,-18.61985898149206,-2.483079507682371,1.894824675970096,-11.823634550319886,9.22780535316006,-0.7571160772648822,-10.191507736416565,0.9212145871423794,2.177685800560613,0.0150322476159245,6.0
10.991629124026993,-21.75665153437952,-16.36123861162756,-8.669850657011844,-1.5198545910662675,-11.09514917969098,9.083517168449356,-1.0747681499487916,-11.578169228906878,0.2011754228529641,2.7788843208039364,-0.2111672090906808,7.0
12.251323027648995,-19.98513684918565,-10.312670023759056,-6.458096880882916,0.406097911466374,-8.806817475203593,4.795066517224047,-2.540425794613469,-6.562160871597651,0.5816800993884967,1.1672479501796014,-1.4487574546830526,8.0
11.074687996701812,-18.716146678520783,-15.94662967189319,-11.885314095706144,-2.103583823926616,-10.747001135703131,7.706282219935495,0.9474018564656916,-4.866741634997105,1.6886050943668678,-0.3409386369885295,0.4376204444635748,9.0
9.981421343641951,-15.67643199569788,-9.088989609059954,-7.288539437567948,-0.2674842413760895,-8.528363306868837,5.438654549302416,-1.7336281940386773,-5.921255335833314,2.198738169389986,1.498163196285886,-0.4279953736843351,0.0
10.551482283675318,-21.06242802303501,-9.76362632636918,-9.614000354875342,-3.384149441160016,-11.358206194826606,3.068871499636791,1.222424376286828,-0.1141431122515965,3.617390040745805,0.3417982914135354,-1.081095894131541,1.0
10.192290051835318,-18.706805458098263,-7.876627286115505,-7.049332797368195,-0.4119736713202019,-7.243259989397391,2.6112812457720573,-1.7300828867593274,-3.3172068062115363,0.3611097544283088,-0.941993295450576,-4.145664722648847,2.0
9.432765140156366,-19.03078339040997,-10.78219457378794,-7.662282106119523,-1.982500938022234,-12.959674197618718,-0.789358702262314,-1.2545058979505843,0.4559898211330514,6.04926388408143,3.097224866097532,-1.514275216639997,3.0
9.764496911249958,-19.099035563742703,-14.708846245406669,-10.211585723898104,-1.5979848898228364,-12.38316701628483,2.356838854305612,2.791326918105694,-1.4754038437217938,0.2641082737715939,-0.2438243004084789,-0.541402287129694,4.0
10.870457857199176,-20.32890696931332,-14.225064869857306,-7.388344472467551,-0.1718719998329957,-12.818230829589204,3.780263601097391,1.5683978408723789,-1.9121967035396248,2.528250291740964,-0.6320236169190603,-1.6155903133730505,5.0
11.199700656997354,-23.1673933919804,-17.03241471492027,-4.968178604420569,-0.2323556692579539,-9.861394535795087,7.254845463715275,-1.645977398166443,-7.323952937372449,1.6408616169431671,1.1043622462431724,-0.7072846352220367,6.0
10.34913607943573,-22.629116508928032,-14.186572587781772,-5.670903498200164,-1.5713206970626925,-12.534994496655456,7.196402435486258,-0.205613428268376,-8.012566373019455,0.2464848632964331,0.3701551134635636,-2.176500253686475,7.0
11.746654193055395,-19.4751873744929,-10.921982519038902,-5.111551729789724,2.752463748321077,-6.451179232220547,6.988786135772587,-2.2359738718309674,-6.275153192615467,1.9213971472004927,-0.196427946351586,-2.821118272131211,8.0
11.041602003461051,-18.506081931760704,-16.487440930799163,-11.13111793338198,-0.4306421131764023,-8.840312691024986,7.689994305553769,1.110943455693155,-3.849656353638677,1.6937269114603646,0.1080698524766743,-0.2738502206966482,9.0
12.074083427063515,-16.477446165755342,-11.33445527950371,-7.038484965876948,2.017891657246607,-10.024865437514398,4.0781062584966,0.3132581841414187,-8.30108352226453,-1.84631046105226,2.3714929472250934,1.1187793695487005,0.0
10.576998483425518,-17.0733460502057,-6.284242234863588,-5.683561862197412,-2.3349529253118613,-11.525384106313716,2.775721391874578,4.77524153293019,3.695734292164371,2.769248029399516,-0.348765390968835,-3.714272260873923,1.0
11.8452704012203,-16.87489409005268,-6.999273312766905,-5.417586072406201,3.219759480475811,-4.583391345660427,6.485769686238505,0.2921904701385778,-5.802070417981908,-2.0462722785806604,-1.872536511857117,-1.1779134682251386,2.0
10.364588789625031,-19.7750142202183,-9.151979587716276,-5.4787200275442425,-2.521645179630373,-14.962422904660176,1.0126807255471677,-1.1893707934923905,-3.286698614348657,5.171452418187599,3.6166230370052097,-1.0494638259223468,3.0
10.113588948261484,-19.425130158922386,-12.345208329953648,-7.594909675045204,-2.801503460957235,-13.659273268904528,4.053401580781773,0.1836173302248685,-2.53521840397764,2.0151611452202505,-1.875868691015938,-1.336588539688096,4.0
11.633482867220202,-18.9868205193292,-14.351060865234102,-4.118402197448455,0.2709559381261041,-11.24894217441806,8.84310731676665,0.0531213561702794,-5.0644511239322,4.365050968328017,-0.8600748527994762,-1.716098897157858,5.0
11.82733597438256,-21.91373094604778,-16.361286352568477,-0.6443380936992724,0.8700709408707955,-12.583570214400115,9.301621276374275,-0.5584262123735867,-8.189580730425272,0.6740581921402914,-1.6024734684452506,-1.9568644295809003,6.0
10.365969130276902,-20.89970880433431,-14.036328290874494,-7.966552922969386,-1.5740960651362066,-10.82420370868656,7.4816826200344995,-0.7197975643060067,-10.305866909340372,-0.7071358450415905,3.06855878757485,-1.2561579973363717,7.0
11.728963009167982,-21.419430419000864,-10.509464030069989,-6.085228229821579,1.2979248680239688,-9.43526821793152,3.7815296223305688,-1.9994624555032543,-6.929187133852377,-0.5624466775557593,-0.2815029848390908,-2.894289445746936,8.0
10.681774078407532,-20.36697985886295,-16.131224050650577,-11.038094478316236,-0.3991198286331692,-9.465557137946906,6.98485667884091,-0.4417619544766392,-6.133718708221563,2.8536679967576104,2.2103750884671016,0.0565269964896531,9.0
11.694378098211232,-18.31450330979875,-8.834392221709821,-6.011709038823167,-2.3123002551074547,-12.658716228737749,5.303276569649407,-2.5514189764426694,-8.117529525942771,0.1571873848956294,0.616332180333795,1.344635768819391,0.0
9.690672583294614,-20.84885422793586,-10.568524193834666,-8.284499394347819,-3.531257047111656,-12.535730754715534,3.2890438123424417,2.597513076249318,1.2308464591435606,3.467914739452405,0.1344071409140701,-3.0166839763500786,1.0
10.537938567905186,-21.57291315993763,-9.123221135528588,-9.27693020391844,-1.766019497969417,-7.464315071150854,2.623587720893686,-1.3618524734074604,-2.4579469528593085,-0.5838882072636844,-1.974074280400628,-2.561060460654813,2.0
9.102335686663858,-20.914755280784387,-9.63132662706744,-9.056218856187597,-3.989659032356309,-13.670023704378766,-0.3288027214308843,-0.0365325769138217,-0.4467177895070621,3.7341998157831022,3.0792489846890883,0.3546485058901806,3.0
8.857666699405533,-24.785223962478863,-11.372232323683605,-11.235692102239945,-2.6592440528061334,-10.960125735147802,0.6173413919397999,-0.6254459301881354,-1.699911247659453,-0.5483517842976514,-0.7163213896903384,0.767696340932039,4.0
9.600738149256587,-22.28115894046832,-15.74042166479235,-10.991978146199664,-1.6797393651324335,-11.55839958114188,5.240259930036656,3.2720813702694023,-2.3124031180603164,-0.8737119688429472,-0.7991228513068471,2.950181338082716,5.0
10.97342909921072,-23.583808575945405,-17.025616632555185,-6.2776690722865,1.2409432296926155,-11.632210390411188,6.85786718038108,-0.6240606361873786,-8.695728000888819,-0.4420069236995279,-0.5882842017573953,-2.248581792957512,6.0
9.78993389016993,-20.755456820649364,-15.236095121788336,-9.0014583889151,-1.6982238108258436,-11.953274133758072,6.343805321242396,0.3820779907740363,-8.72105940775328,-0.2045431381341937,3.259763928419801,-0.006722291940603,7.0
11.875390376398382,-21.95609272710401,-11.05342033956384,-7.0961982638991605,0.750619836749155,-9.562048634083672,3.832421173322926,-0.683951565125763,-5.326955811492402,-0.2887355755021701,-0.7026421594243292,-2.8755693146587458,8.0
9.58444292129523,-20.938827659118804,-15.809761188893496,-10.383950405915822,0.1202304360642683,-9.802655784466426,6.275107616182796,-0.0712893005271565,-5.087494457422848,0.8411544562890858,-0.0903042861145244,0.4184955849871564,9.0
10.929322740065004,-20.497697896560428,-8.17785632186651,-4.86598395061347,-0.860913491038954,-12.28250827014186,3.60581555497282,-0.5855975474701192,-4.671425023547297,2.344973066554059,3.073906513545385,-0.4457538124284314,0.0
10.51494352877083,-22.109393294752515,-9.630015725823103,-9.71511324849539,-4.348211797052831,-12.334505440676049,2.573897167546292,2.2541836828617794,1.348203932516291,2.7842660411681166,0.1863144672862338,-2.3672548865867253,1.0
10.63987012269325,-20.438000728481683,-10.123402530322505,-9.921000040523186,-0.277043195872267,-7.294128495108544,4.735767015887198,-0.6050175474621821,-5.479821240832975,-2.798173699899656,-2.437807592434396,-0.9894108464055916,2.0
10.459159813726249,-19.705491256103738,-10.621736234618057,-7.244109869461031,-2.6770532405805647,-14.55989224238637,1.5910459288813632,-0.2232694076735105,0.2442316182501463,7.949466996995823,2.965476432337024,-1.3842545547950476,3.0
9.308545935077476,-20.990564356586297,-12.884153854577226,-9.946744939622562,-2.182896323356385,-9.774472473776315,4.066475537784562,-0.5721287089361883,-4.875594725871804,0.7693458143158114,3.0839011477055065,0.6312960212910186,4.0
11.514035712009516,-19.5561285836716,-13.205305599707174,-5.187236804529541,-0.1496397010493332,-12.183683613830508,6.297017104965003,2.383997830199743,-3.6964798407824033,2.771061300687209,1.333762786858006,-1.7252430198254225,5.0
13.702268698235802,-23.29312218990127,-19.17241928105557,-1.4256597008187994,-0.4692139111897528,-14.883611306057151,11.387137224235106,1.295734445831133,-12.083636351147211,0.428136760719362,2.74081565112714,-1.2056732935942966,6.0
10.730982660874233,-20.113334143242803,-12.529716530407484,-6.25101165479151,-1.9175712522365984,-12.632761397344977,6.680087657983489,0.0473005979343033,-9.699609597547491,-0.4837460914146709,2.780001549696187,-2.067275285243777,7.0
10.752127379540418,-19.98771975673461,-9.27174306023232,-6.377665240873026,0.0003598119042594,-8.878495287755594,4.026808833398097,-1.926694335967492,-6.422639088157546,-0.2444097636645212,-0.0533326078034419,-3.75333183234914,8.0
10.78301301276907,-20.11483206842751,-15.999278321575437,-10.732429036958877,-1.5321062038747373,-10.40358575524395,7.2333958729563586,0.3037840322588008,-5.093677437681041,3.164078895816194,1.8076655865263904,-1.1056736824746156,9.0
11.182999995695624,-17.704345947459537,-6.268161952917342,-5.4828483390963445,-0.1489220054511451,-11.899709377514872,1.1695428661405107,-2.4568071553466733,-4.578399085468483,1.522474976472035,1.4945843939940144,-0.1531039090847225,0.0
9.951380941792344,-20.15138583150304,-11.546790500184716,-9.417509981637911,-3.723562290105263,-13.43621190334976,2.9496443308374425,2.3170999928586804,-0.3970962002004537,1.629500153781042,-0.8884965881431487,-3.298117502618951,1.0
10.093756185495408,-19.21617575447568,-9.447072737358305,-8.874891055953146,-0.2186809010103236,-7.033522313823374,3.841858636982577,-2.1574633672170647,-4.462364352587268,-0.7092372786252118,-1.512390581989086,-1.775079220889786,2.0
10.7494476094946,-19.55970768931476,-10.871415624152144,-9.75303879567354,-4.001391986673124,-12.877374846609174,2.570931138848793,-0.7235213264560294,-4.4431735986772445,1.9655405053511232,2.671761987422699,-0.0867568789141344,3.0
10.007805233697797,-17.878744329086565,-13.5929251021543,-9.818111301055785,-1.6601589049140208,-11.782539906971968,2.802187286186383,2.7015538079144377,-1.6598339234010455,-0.6213627891030549,-0.6490580150092012,0.7573194611285006,4.0
11.200259841905607,-17.567020066134322,-12.037478651786602,-5.9232180691856495,0.6864461311116375,-10.460597645677897,5.058050529639466,3.443306389137274,-0.7730055803365422,2.211707600156692,1.2986514673137388,-2.0926763597723976,5.0
12.388975400917891,-21.05878382983341,-15.6226981380847,-0.4815811399993156,2.692993000838344,-12.998679357927315,7.822265201876993,0.4008069267130936,-8.296770412859162,2.756517583039184,0.5891526849487377,-5.836236676693481,6.0
12.003052999178651,-17.347956416954972,-10.250680783219806,-3.3817007512074646,-1.3395400507803883,-12.150012728498137,7.088846514526713,1.9096402627183875,-6.176445568405852,2.439759397577348,5.2767502367802885,-1.3592087323115385,7.0
11.34022835809953,-17.867116895225077,-9.459569399127036,-4.48713435916244,2.9764025877038462,-7.54323610944817,5.525597175614261,-0.9586574880997838,-5.744399709696071,2.329616522147743,0.6993087885473959,-3.598920530702244,8.0
11.28182892444065,-17.022796445866682,-14.004517382488974,-8.25774086616751,-0.8254901669604445,-10.27758092762154,8.522833048786708,0.031357713028547,-4.797447479597292,5.060668908980587,1.59457153636897,-2.650309001578126,9.0
11.47631904725031,-16.25375347715428,-9.77488821981156,-9.309888794174032,-0.5325745489407193,-10.001143825499463,2.55547987702528,-0.8258502284437323,-6.244415106315382,-1.2974008145501563,1.429032522397906,-0.4116571726279975,0.0
10.040209194191911,-21.58588813281103,-9.64113560849828,-11.248355376062388,-3.3079814729420884,-10.810104234147492,1.9598305455335288,2.0796166124475084,0.2082546437752789,2.030668540136608,0.6865835026682683,-2.117824825318777,1.0
9.842202554263435,-19.496119144997834,-8.730856268920126,-9.348938179891713,-0.6558097161086714,-7.417579513295547,1.82235600666499,-0.8345346751772001,-3.096463011786235,-1.18843484247892,-2.355795937633532,-2.989329210338668,2.0
10.07088440085336,-19.693719839470923,-10.890035541898676,-8.045198722598771,-2.6624472980658456,-14.53900141496056,-0.5466208304651419,0.4548835742197499,1.1104227378197415,4.530798531444225,2.1948537361725355,-0.9503491768053136,3.0
10.634163288036456,-17.818690927635334,-10.466914731646908,-7.776370354558334,-1.133206471198262,-12.141380270518644,2.5246387299684585,3.2353429420031063,0.0140098012700322,1.8754413640168897,2.1934739770348743,1.020577792265413,4.0
10.883025036296027,-17.776630523259325,-10.665109547426344,-5.776683374192984,1.9590662774541057,-8.828377892568549,5.557363488018249,4.159063438939601,-0.3990961309532823,4.298174698750689,2.160488756146705,-1.4718572730508237,5.0
11.750479270347292,-22.40527247171656,-16.52558399297318,-3.3992252934265927,0.7820138407267888,-12.407990352123484,8.19159188975465,-0.0918746313322817,-7.892418104157194,2.5540296047707924,0.0955740428450185,-3.155873757360065,6.0
10.363474673437276,-20.17861695562437,-12.516286615654698,-5.3122424442390335,-0.8383104670869989,-12.97167177322218,5.069869581409516,-0.1678968314388117,-6.952857861081001,1.436479619478753,2.8866701416858325,-2.1155414639553936,7.0
11.037382721781052,-20.16690451078033,-10.997841745367154,-5.552639891719665,2.430444713917609,-7.899359981999589,5.769682810612426,-0.7567653669652998,-5.809706574042602,0.0531779492990863,-0.9423829823253136,-3.445388599651123,8.0
11.521138649874684,-20.398156567678647,-14.695882725903752,-8.907163315788042,-1.2445082649988168,-10.094684770006188,7.360874779809643,-1.8492086655839544,-4.051813909294358,4.286203263295175,-1.939486640671928,-1.995451702884952,9.0
9.66922573402429,-18.764387285970976,-7.8323859597668815,-2.473770689192368,3.1737577437033253,-9.597022902423562,2.760752268481744,-1.586733678313415,-5.989741786013778,-0.0200246163089723,-0.7751117019533723,-1.5751191769737836,0.0
8.339662513797746,-29.39646488991849,-8.96739844263384,-9.962532523352577,-3.064693233800872,-11.826857435229492,-0.0077915615967066,1.6416019835352642,-1.529713951856082,0.2498815152512201,0.3764458235928354,-2.5437667983275243,1.0
8.911147697050456,-28.36989274877471,-4.81604991824695,-5.751581550476143,0.1813484801559682,-8.919408451663013,-0.6660997802454212,-3.1115233718442226,-5.201143887204146,-1.9221804603965569,-3.5426142305041703,-5.245936425542731,2.0
7.554470356905931,-31.020144990108825,-10.87072249543408,-7.372366619918127,-2.404000167245357,-15.668940005741248,-1.854561190267452,0.2172235872897772,-3.066076001721265,0.246550402948103,1.627788212189243,-1.0217795778141652,3.0
8.34814421379824,-22.991439403553223,-15.853067706860775,-8.606598396773137,1.1763640635570498,-12.58580210682672,2.03750102749124,2.051789167651344,-4.645666254164245,-1.9680640609376725,0.4238855368056999,1.2044169696766591,4.0
9.848455930316089,-24.51340914222308,-14.978517729780204,-3.603846053314447,2.5172322734873034,-14.502864553941956,3.023876610855033,2.8970563769015083,-4.33557181868013,1.872829572939744,1.8933291865794424,-3.18789949618036,5.0
12.548744750545596,-24.65127266547826,-20.693700158839004,3.148429381374976,4.505643155410504,-16.076516560951916,9.381396319413811,4.703030051176829,-13.142189074125508,-0.7946059561516258,4.044244643122751,-3.836706949396937,6.0
10.182945985057756,-19.91594835692713,-14.06717454342134,-1.7989568966330474,3.7255624436896304,-12.112313811666562,8.0595179601166,3.000512627775985,-9.348563275651571,-2.2622377684439563,1.2984412659027078,-3.5493071766942896,7.0
9.7334252194933,-25.80241686636328,-10.408988160548391,-4.935668906830471,2.8964314555484907,-8.76915529342919,3.603021571337675,-2.694329559440316,-8.888431231838394,-1.370865604379246,0.4130297801349709,-3.325256229267249,8.0
9.66554467960212,-22.227555336813086,-15.313821330088464,-6.3947770792234815,3.3367089740640825,-12.174458130548606,5.320002733768931,1.7616901364058697,-9.076852666296231,1.5178634396981572,4.445821851699949,-2.9503073435747136,9.0
9.832290238075768,-22.087713446000446,-9.85107726444446,-4.2420181342431365,1.5498915445987604,-13.080422740945895,1.860071162239048,-0.4672512538050744,-9.122826043301371,-4.298698852281728,-1.1771140503259216,-0.2310303600203549,0.0
12.335656779758846,-33.40694072405544,-8.193168161151627,-10.947986112017148,-4.893632706837532,-11.61752622462004,0.9178772457475372,1.8641192267471447,-1.4411589831007423,-1.35428254580027,-0.6709959554487785,-2.112057271939769,1.0
8.790236664014165,-34.13464724599209,-6.26647480848329,-8.595381050670134,-2.0102028916500547,-7.555426823440059,0.5137542362449447,-2.1105483346271057,-4.176748034484921,-2.5306156936654243,-3.2403774484714067,-4.608914332645293,2.0
7.523927082451689,-29.65854507227178,-10.589964531026212,-7.910690411536702,-2.7913140257039326,-14.860784584725248,-2.5642201087212584,-0.3334912040558033,-2.9495419636397937,0.556965330515784,0.9703088527805704,-2.075892249941896,3.0
8.451816952140803,-28.10492903040248,-16.52064017126889,-8.831001672015516,1.3938401983053017,-13.343428913932971,1.9708781676698768,4.457471678528195,-3.3015370743817645,-1.2763170751393964,1.3557916611496073,-0.0998719996273577,4.0
10.99373102648979,-26.114599181797328,-16.88886838874188,-5.580855966878093,1.835354868171128,-13.015008223689508,3.5844237406172423,3.514587138102008,-4.258367208017037,0.1206563035184726,0.6653438275965975,-1.9277995388523013,5.0
12.032702551693149,-31.519050121032464,-21.33997831540869,-3.226572301919937,3.448378123781016,-15.137417453018244,3.907106751904765,-0.7288890661001233,-8.19385496228169,0.2846186462093212,-2.1789249161230466,-1.9962712072970124,6.0
9.879175418710084,-27.43057206950506,-18.462380918749457,-11.461876821151597,0.5234749690180008,-10.820739212307362,5.685346679379958,0.2257981414695811,-10.641584077132286,-2.075017729891421,3.970392379234106,1.114133303221707,7.0
10.784089732026994,-30.348206597869805,-8.997212718235707,-5.799572431998644,1.5598567105996597,-8.835298392818073,1.9590745872665736,-5.160956523211201,-9.410068835604555,-0.6710371458085492,0.4533529178546051,-2.465532048189352,8.0
7.521375219524986,-29.828128534373946,-15.508402386410866,-11.757889106307177,-1.41388556721701,-12.23934471463938,2.668087257666956,0.6324004227890473,-6.663210298298372,-0.3050130151282966,2.698321456763627,-0.1235377292253162,9.0
9.8192937111562,-25.17809434719292,-8.113197561113122,-6.030249097837025,1.5333961000978715,-12.09856243009406,-0.9868296154029778,-1.8423473527033647,-9.18646414373959,-4.450979190525399,1.0449742143466607,-0.9329015978686376,0.0
8.939252925424979,-31.58136805958333,-9.118886333270666,-10.354209595199295,-3.452229798968381,-12.159566333345245,-0.389532641982241,1.422214313592151,-1.372360383663331,-1.0772162198015405,-1.3151139216745809,-2.928795410745714,1.0
9.037152951682293,-30.82902270695121,-8.008090117967276,-6.90271927665708,0.094103091965544,-8.826169470776387,0.5127591392190732,-3.3747633513019104,-4.475831611517319,-1.454272463279685,-3.843004159693441,-3.4668549716630515,2.0
8.40189481971049,-32.62096042286917,-11.065004095314627,-7.410483863565674,-2.130462097496384,-15.548130961373108,-3.9422631164426014,-0.5856239297311067,-2.106439692232496,0.5817448801957631,0.8579649018285442,-1.583081451463338,3.0
8.255546046692151,-33.60156056911541,-13.256115671758648,-9.93596262443108,-2.0649606136794105,-12.661220372128628,-0.4487743605572976,1.4633826845260558,-2.915066526117552,-1.882610273241214,0.0051197008368504,-0.0249811392479185,4.0
9.423227652640463,-29.22828185592685,-15.255830150603163,-7.256849262959261,0.4281883128342125,-12.180558947555609,4.354878859236946,2.1907115398485195,-5.601490615512412,-0.8789398947797695,-0.3822400118620169,-1.0998230059119596,5.0
11.950374334071366,-31.52711865655502,-18.7490866236982,0.8646305084688467,1.1534158083830806,-15.477725322581843,5.903315926955476,-1.0634774604276314,-10.503186714525784,0.7697675337314343,1.00729719395826,-2.562268385766739,6.0
9.533232217214271,-29.362076297252123,-14.418970775916408,-3.8729020934243934,-0.9968132152031288,-12.67603334472764,6.57639421580653,-1.4395900679662788,-11.9028606464781,0.1322744507066775,4.429126845425968,-0.5194439332628294,7.0
9.57805453688666,-26.800314710479807,-13.438739617526322,-5.756571884625041,3.477450396808727,-8.45279562130607,4.851327558878869,-4.324415919874618,-13.611640455952877,-2.168632956936301,3.0985011506229214,-1.915874832149568,8.0
8.745717563614217,-29.456771416855304,-14.244480346709135,-9.380307500576974,1.2730370073576571,-10.680337500630497,3.0700814969371204,1.0592899606391455,-7.400252739830536,-0.669761146669633,3.07508488700095,-0.4662439722021342,9.0
9.854413013574137,-25.03204418169189,-8.599976840489425,-6.450243628495948,-1.178731939520463,-12.785567792095378,-0.1780423097991476,-3.995412497278095,-9.446037284293768,-1.6191827416044702,0.4881238830895165,-2.2752466511570995,0.0
8.74276597570566,-35.34641142933292,-6.827649455800343,-10.880958391242656,-4.672395905545671,-10.922495230210991,-2.452180935345855,1.321266205957629,1.782696616169346,-0.973577626935084,-1.891916360295289,-2.866835794698797,1.0
9.085878767925092,-30.09944057426576,-7.694437336731736,-8.83427899889558,-1.043026368367559,-8.386921186603258,-0.0885258665932519,-2.699339709864365,-4.920940777656548,-4.119020934028593,-3.2874399170582262,-1.7688568670233429,2.0
7.487661740140006,-31.023565047371427,-11.174484942571585,-7.062615469897139,-2.7822503665407807,-15.115235609455102,-1.906025155783532,-0.4930575298845722,0.4755934022021795,2.0480758650534283,-0.9690244618785824,-1.1740919365557203,3.0
7.504558360619476,-32.33582387840508,-13.957246561167052,-8.866724050668982,-1.2690959407370817,-12.510030589937664,-0.8664565822878578,-0.9817118956035874,-2.6241098192897203,-0.6863185977258381,-0.1132766678728855,2.5708905865611,4.0
10.12055826743184,-29.517636227853675,-13.833800506589684,-5.848017717651676,-0.2532800282624437,-12.78604151065315,2.826275418522127,3.148639034442492,-2.557552094087863,-0.0228498894109472,0.0642092424908419,-0.9819260146084764,5.0
11.458405478143993,-31.30643757259082,-17.28752860435355,0.3499888213970017,0.3365716987062722,-13.574118652981817,6.140710417900035,-2.458125461366538,-11.028138577532353,0.3439083413323214,0.7303453683855308,-2.42289795742731,6.0
9.473842528780466,-29.93824849491343,-15.038664653164698,-6.375443458293388,0.1127227541858525,-11.258440937002128,4.380130069350035,-2.0002315425360218,-9.325890105533688,-1.5793088006589195,1.158772001295602,-0.7242731322404535,7.0
11.80161867024265,-31.554180900291662,-9.84064297657482,-5.213506004781201,0.9748681570207612,-9.612608285294003,2.897499857893259,-2.205258193414618,-7.28195593343951,-0.4588758520716004,1.0432082090701482,-1.6758138246623977,8.0
9.095203488294734,-29.203079481295443,-15.697492912309045,-9.528258283147805,1.012621649740068,-10.988677718039815,0.9410334086909312,-1.719944172158477,-6.384231073869844,-0.7038444433482869,2.721409947196644,1.716363563390833,9.0
9.231886164467088,-25.87408133569882,-10.618813269541052,-6.006121556896575,-0.4216030960241999,-13.906242531478604,0.4989171128420341,-1.7135206341916491,-9.023405925959628,-1.9485504680087529,1.507097244091092,-0.8325769611057838,0.0
9.222602456424545,-29.363411408689963,-10.37748057582338,-12.208685998656753,-3.054188139466101,-10.551690548164204,-0.0401156958812815,2.382087086088327,-0.6662770096282968,-1.7860217642286482,-1.1905861646065277,-1.86038534517906,1.0
9.435045743701908,-29.947393656517907,-6.166834971288657,-8.400946319617011,-1.1781058074922983,-8.785342163916239,-0.0974110869813893,-1.9320037630777973,-5.967351322060129,-4.732714268573074,-2.903889178482759,-3.437442142649646,2.0
8.473583153497271,-31.07373876162252,-9.295760712447482,-7.502576461917334,-1.9908072582832017,-14.152843378142029,-3.0078634439509333,-1.6237272324496483,-0.5132127098581869,2.8969978111174868,1.5204850958633545,-1.2569722802182062,3.0
8.583206927755702,-27.11425375331406,-17.507454614965717,-9.731921426189912,1.934950030743676,-12.172043466304796,-0.6591652183594078,-2.3041041394108044,-6.284577809280676,-0.637374516229248,0.4040023732806175,0.042901447378407,4.0
10.356400697438293,-27.77652156754384,-16.194283440330462,-6.173253424660863,1.030860297952136,-14.36307161563024,1.814703078888094,3.0303303987179886,-3.444806787741696,-0.9404664947525054,0.4296960069121613,-0.0960557593354595,5.0
10.730109413894882,-32.73431497105268,-16.92601743559586,-2.6917999188698407,-1.12387689969871,-11.387939033951016,4.292003789761421,-4.987831418884621,-3.321617689731222,-1.1905117890131267,-6.031781998749694,4.190170357487395,6.0
9.44432066745829,-31.97276758390516,-16.165951489152675,-4.976172768420564,-1.123459756083677,-11.862331895344614,5.586926415984579,-2.950221182650428,-9.277348492365364,-2.233586604209974,-2.153982025356925,0.0776133108722643,7.0
11.331354444397826,-27.49819411084057,-10.934577253522452,-2.070653379035126,5.882353326657013,-7.445539531279154,3.786138865147784,-3.654869942292838,-8.548278681239815,-2.7248703387191044,-2.305635879048825,-1.1230349338904624,8.0
9.743498156658775,-27.004430265899536,-16.117872530936108,-8.079939882971606,0.6000876407219792,-11.616877127284845,3.3562100337565366,-1.5970507387215709,-5.70535188862338,0.4937126094881867,-0.1599893893848641,0.925371813743714,9.0
8.916428340480435,-25.88514732387955,-8.126654015322861,-5.171119438781525,-0.4456439834768764,-12.46474349156782,0.7486002712814738,-2.273425343804976,-7.05441751404381,-0.6428487533178682,0.7425273127446084,-1.8045676309748784,0.0
8.784009359192721,-34.4896915393899,-7.814704404014098,-10.476820926916291,-5.0800534566743965,-12.803286793704448,-0.4346175157630014,1.8809337372968693,-0.003057111091441,0.2715835355935547,-0.4630044169937893,-3.6995749450832993,1.0
8.927040720746476,-33.00578974524039,-6.642323674845191,-9.109446849763309,-1.1891503910781407,-8.16261990867209,-1.6789018429993166,-3.027775818080623,-3.167371992008987,-2.769646218605305,-1.9899824676320184,-2.503984520878414,2.0
7.217027058922824,-30.87595029235717,-10.433877105883234,-6.814285814896119,-3.300267571315991,-15.890977866515668,-3.704457401966905,-2.2992415418232355,-0.8305695129143746,3.042875901902062,0.5131472790509791,-1.9261432698514889,3.0
8.429322013889838,-32.340511670109386,-13.2817173309859,-9.428809519118824,-2.396165043791117,-11.619894975971334,-1.0999956003210487,-1.8289515933233929,-2.3510354502831183,-0.4363602723207264,-0.7290893486417784,0.4811962649143296,4.0
9.435328334979614,-28.850841611181863,-15.606918761237532,-6.2871655091581164,-1.1556731603290784,-14.74849922191364,3.361195428339971,0.3344618646015304,-4.514380641586604,0.9043246472363328,-2.254158534474128,-2.028445396185277,5.0
10.977401433043829,-31.97409481228081,-17.232143686275382,-0.1802156656055858,0.6115118177250621,-13.038609853498624,6.049387433634376,-2.9601382399478395,-6.557329299728628,0.9849652921027572,-4.083585872161087,-0.8815142990141778,6.0
9.503656708719571,-33.159928353142824,-13.669863249357622,-5.9521746443763766,-3.206856514328937,-13.354374921726766,3.4219793735992226,-2.568563852385387,-10.147897776736404,-1.0518236682586983,2.4082765127134755,-1.6458597505628545,7.0
9.968358393448275,-30.739354883241027,-8.875022973177652,-5.013745483723033,-0.4344446834620538,-8.66555063033147,2.963938168369816,-4.678887798943868,-10.219134333808675,-3.3933762420381632,-0.9901871264761758,-2.242779127741157,8.0
9.233876358622066,-31.7392535247526,-13.895076757358844,-9.428069381074042,-0.6899812587609184,-10.817722289652073,2.0076138744598846,-1.3233207536198424,-6.4309536623146695,-0.7028169391654464,1.5748682830431182,-0.6015472251390924,9.0
9.237999386282576,-26.53337858194601,-10.825283199066172,-6.168632052983948,-0.6672668202719549,-12.351679936638863,1.6650384258854372,-3.906377353362114,-10.054068215757049,-2.221512695312001,-0.3293049590871047,0.4716399805073898,0.0
7.252380145245485,-30.941416574136014,-9.783280647863323,-10.718485874619349,-4.289319302225143,-12.500956324762331,0.1383547008817855,2.546126607204593,-0.8521997077014112,-1.7499552576952555,-1.972102701458676,-2.287198214765808,1.0
9.646638027710406,-28.99851658908433,-6.1904213397274095,-8.054360541743279,0.1480265201945078,-6.977527955632325,0.3723908230578979,-3.806092662380972,-6.144612370098039,-3.199346412571436,-3.204603292237104,-2.1662715291498804,2.0
7.7988504772625395,-30.138361015903584,-10.963124455521168,-7.187703943717328,-2.186136455847389,-14.345055533567832,-2.3914227323677624,-2.22319363578802,-1.7107663326071878,1.6280359547502377,0.0429604625739813,-0.949998517466574,3.0
7.750391622233781,-29.41233678737597,-14.495269229547793,-10.567562934377452,-0.6435703358040606,-12.78898069479624,-0.7762539837576511,2.923069973437681,-0.7329070008885753,-2.6690482427492555,-1.4190011794794353,2.0239077971833,4.0
9.795231165686218,-28.409737712615573,-16.33276182848198,-4.257774238698326,0.1254855276677272,-14.762813545585988,3.3739383615839085,2.9995639906698206,-4.0268518644684175,-0.0486102564271923,-0.5638711204171284,-0.2862792011111122,5.0
12.337274935274774,-28.648879040262628,-18.831337996877764,3.105672626764902,0.4635638427283888,-14.467902885682353,10.7580354009219,-1.102025097462588,-12.29340565192792,3.637048178273605,2.4376055174301845,-3.18166249841936,6.0
10.838069165313684,-26.757388069531984,-14.762505805612744,-4.074000589143067,-0.720520367200802,-12.418137919509222,5.726200667604358,-3.4559485393008766,-13.42762609043757,-1.0137295064689809,1.207390265327617,-4.120572729116828,7.0
10.003510182387144,-32.646961211969725,-8.76484371865413,-6.153025728245102,0.983441599371362,-7.33942822675553,2.2770967638902344,-2.421569970668022,-6.268460121461134,-1.5000178729837963,0.9796601462360058,0.2221992461666224,8.0
9.490170547441528,-29.99591832573214,-14.347452880607426,-8.416983485367915,0.3688905255219854,-9.995693615260668,2.5278581308161234,-1.2800373434399237,-6.530787563736781,-1.0340432575923677,1.2151323790223312,0.3796310316361181,9.0
9.528253563349493,-30.71147950735546,-7.848421251370268,-6.704668637493214,-1.3154882922290898,-12.342869922456291,-2.282522368255638,-2.661157153544933,-3.806244816696572,0.1324728895052644,0.5688032589338103,-1.3915669891903026,0.0
10.847675783386556,-37.31086976890951,-5.720219528058942,-9.413016309675497,-4.064643718171213,-9.531564145695723,0.2839846638932362,1.4734774930470629,0.696403226799225,0.0458062704315657,-0.5671134065270039,-1.8933477026962209,1.0
9.673092008425746,-32.01910392731937,-5.364588839709577,-7.639405829018273,-0.5501599965642439,-6.842735459392262,-0.0325724672791068,-1.587043935778563,-2.3767678159940706,-3.123900288863908,-3.252790843566402,-1.0737629359669911,2.0
8.861872285263278,-33.70673228930926,-9.297728942581854,-9.909153048583653,-3.974726738188872,-13.786245252049502,-3.879235195749952,-1.422604231880299,-0.0540413223196258,0.8980997349672195,-0.5598723387899289,-1.2934923009316757,3.0
9.724574076690295,-27.89548386567089,-13.974186221998345,-6.1587229257163365,0.7568272290855479,-12.47848412872743,2.299745584272681,1.597182142019369,0.3364654993791547,1.4314973329481695,-2.223725821425293,0.7426943377680788,4.0
10.306508449969426,-28.56057598236628,-14.354767444468637,-6.662771912481929,-0.7178156867489977,-12.70084492928734,3.5038432669685,1.0052319292142278,-2.290578694643703,0.8156283746818374,-0.3402626986840326,1.1999828249827544,5.0
12.548260152637486,-29.95372498232977,-18.77123221108245,1.25490763439751,2.817752196067317,-16.91214828829872,3.915532202101292,2.2036391496432164,-9.933739403648854,-1.2263398321837256,3.1779932220445115,-4.109321501427415,6.0
10.134429389573324,-30.18638200326828,-13.71953633138297,-4.299987565580254,0.1625996224037105,-13.015934759199103,5.485506057807789,2.3646538874725023,-9.508570416489398,-1.6950977998170318,4.758388256464974,-0.8917840005048112,7.0
10.619447304052535,-29.1849151077706,-10.267364627081133,-7.388532983561746,2.1970218864260587,-7.744828950639708,2.473280660651888,-2.832923201609092,-8.275451500090217,-2.676567595340986,0.5708506133879307,-1.2995483117199973,8.0
9.86347679108106,-29.63120242919994,-13.134023787692245,-8.706310440420246,0.819325340574646,-10.699768035437048,2.326776038961918,0.8600988546990912,-4.6388676402236335,-1.3894160099739497,1.5111760960450715,0.5388063232291789,9.0
9.696990321731596,-29.1292733860316,-7.331177263403302,-7.571129559408853,-2.745242126235472,-12.37194384234664,-0.2522722346300515,-2.7802794261862203,-7.169672226894194,-1.5251152179525969,1.2357197422162234,-1.5608745123505594,0.0
7.829869095880921,-33.605806979069754,-9.004162576576238,-10.82661775719676,-4.00347395178268,-11.007636919132263,-0.476903293369984,1.0871957354423043,-0.2515855978918022,-0.4010238382432962,-0.2987150103686501,-2.5879918490980844,1.0
10.92662098413241,-32.038847176119525,-5.7839442916828325,-8.270063933704158,-0.4779152621999653,-6.583080793650363,1.283045182356271,-1.8164921813615464,-3.464813918034799,-1.806115567599694,-2.620898436944563,-3.3850448218736022,2.0
8.892480145811783,-32.86020238395429,-9.27348594487049,-7.437426760869829,-4.0753761696681,-13.737213872196616,-1.572283456140296,-2.4955368445840174,-0.2024704927480583,2.447771378426052,-1.2507901770406675,-0.284079442222921,3.0
9.083484492859272,-31.97026673509185,-12.292775151202768,-8.404322513989401,-1.4794075721763875,-13.003312875660267,0.0919037458618822,-1.0582476887721797,-3.08618813045347,0.4016568933200755,-0.3465316720871148,0.7997778287215294,4.0
10.08298669449934,-31.44196020154145,-12.905973493699875,-5.68427150591516,-0.9268129487930686,-12.313019228022148,2.106244828877973,0.741430313948776,-0.9992351108194466,1.3145388206959194,-0.8344045749761978,-0.700888534647484,5.0
11.64193994173264,-32.35324507478079,-16.6701365285119,-0.6089483136030257,1.186536034915898,-14.524566425819838,4.137489518693294,-1.4902832165863331,-7.425467867819068,-0.5005419299294273,-1.1389869276363809,-2.353349523994414,6.0
9.56819809134666,-29.974186597697376,-13.652818601305832,-7.44101327085085,-1.0923648952363392,-10.774044495682991,4.905027401670592,-1.1117782964457634,-6.161105129000083,-1.822795709388768,-0.4846205141487402,1.5079514569537342,7.0
10.400747607427078,-26.366406115997385,-11.179937652892846,-3.101388620295608,4.6319922260278,-7.990859314735764,2.239079615930244,-4.5280057925981305,-4.014588652861961,1.587736893943274,-1.441338901626167,-0.5108004989081092,8.0
9.822297107241898,-24.02348860547525,-14.482877299768946,-4.57229479053724,0.8881828608994361,-12.705799304176134,5.265407534406582,-0.1514379818030264,-3.83229203570116,2.074314795275068,-0.6209926109255934,0.1139867456159659,9.0
10.17336397735175,-18.427673033460373,-5.937556142839467,-0.6684875619510696,1.6528846964507269,-14.37032329661599,3.0169499651444105,-0.492148676584304,-5.059496555445069,1.2282771635787153,-0.8510372655655066,-1.8942943120306064,0.0
10.379800309904583,-18.52147215809476,-5.848657716345572,-2.1650035854895977,1.2413236690190173,-12.815789618933922,2.4793989817382345,3.50952026226711,1.7731379916093988,4.209034533574556,0.2222932634163003,-2.8803153950276954,1.0
11.44066826123372,-17.643680324169026,-3.761158354835863,0.5256241347673382,4.415286000251372,-8.942035439070764,2.751218166162145,-0.4333603719972179,-2.5996207984704154,0.8282393957804493,-1.355163405004145,-3.6359926435150713,2.0
8.892457944247926,-24.27486909507411,-9.320313557368165,-3.841959212305568,-0.7753678658522506,-14.935389103062592,-1.048262308331345,-0.4329138811521759,0.2144944705638791,4.221858183949708,0.4772824270389523,-1.0564599100758651,3.0
9.460998204338097,-22.62070440993717,-13.470066025153338,-4.479360730062702,1.8769449482182965,-13.99842373894389,2.201184495214098,0.9536183205167276,-1.2775364092230734,1.2846120873700873,-1.6288903734206277,2.1663057974134445,4.0
11.708386026327071,-21.79414999891694,-13.469377765909734,-3.372720745440976,3.2997260150428165,-13.194207480906504,4.4772148841313,3.0364073883899088,-2.4280423610979733,2.0945703962651785,0.4882703859115302,-0.3021423562598615,5.0
12.043651247941842,-29.03435666889331,-16.803126728708182,1.289222794732803,1.0057651132153491,-15.430516996965506,6.694652291532097,0.0636673460101822,-7.701117826643796,2.243419611599277,1.4254886675644418,-2.4662100563858207,6.0
10.76859615407252,-27.03350938357711,-13.490515044575153,-2.3826397509309856,1.3171846999545345,-12.782244519852226,7.553899016968177,1.178178698243763,-9.13916958358764,-0.4508777464627234,2.0779528777568856,-0.6941419426112266,7.0
10.53506698839684,-28.04137982165584,-12.381126329831398,-4.993060812716807,2.272020418006728,-9.530149434557025,3.045025201687088,-3.349645396817508,-6.719699897577015,0.0066579298515937,1.1076490621763615,-0.1903545377234344,8.0
8.495656201910373,-28.84152016443205,-13.925788380422937,-7.977281197910486,-0.4350312166146335,-11.537364510902773,3.322243777167331,-0.8120530270283474,-5.095294872606372,0.0906508723308443,0.7808546673552084,1.137352243609241,9.0
8.827089001324158,-25.424431604737283,-7.124907756108223,-4.16550194703959,-1.1883905049132626,-13.989642943066892,1.1578506020910777,-2.805616350668049,-8.53207238460012,0.7001126124814127,2.428240650109709,-1.613849558800019,0.0
9.221535538029029,-30.10175858734966,-8.759103183332929,-8.335072025312966,-2.569825077669024,-12.98056169556084,-0.4955714680954661,1.0945490143275556,-0.1930648768258763,1.3354673315913734,0.1674484362158236,-3.557945855242912,1.0
11.070912158764845,-28.49416652053448,-6.814598865076704,-7.183397249313234,-1.1231788137417704,-9.623871244054651,0.7368783199549069,-1.5992310403223366,-3.8555370996889873,-2.5617944681484053,-3.163683320729489,-3.5968532104313176,2.0
9.092617803935877,-28.87899874100766,-9.225679392359938,-6.824717785772658,-3.33038764032762,-15.215482692080336,-1.7841938233368688,-1.0998953387669372,0.150033446141823,3.609302931695896,0.215113098627513,-0.7120269659339957,3.0
9.19960864902368,-26.49304155656233,-13.880894815363046,-6.8682616536120245,1.168292519045803,-13.340136643185074,0.4924129009650722,-0.3792193187509344,-3.497928342037384,-0.5169550044104295,-1.441675296895388,-0.0644904049192612,4.0
10.728303938363185,-24.576145561620823,-13.849444362379804,-4.430434605342523,1.6140412549988052,-12.721571231468465,5.184885998279668,3.770317062107769,-2.371592298946544,0.3195048811516781,-0.8027447681696622,-0.2927531573337286,5.0
12.742671177620135,-28.589916048545057,-16.36745456393947,0.7159094437078107,2.5077181447758146,-15.425875341381944,5.796777899818704,0.4245667103796331,-9.684159955262311,1.0961459184202096,2.655228498947522,-3.9974569545304863,6.0
9.8669884302081,-29.96371443155473,-12.434616896933012,-5.969235221063676,0.0497992466854125,-11.055344729073656,3.500113476635888,-2.6796656272985824,-7.934557141107717,-0.6631141656456455,1.0731297231890728,-0.2419255898123567,7.0
10.285526754317724,-29.64332440227523,-10.363930387542664,-5.210863857185561,4.152754717919597,-8.619689982981363,2.0934090510213643,-1.2076354584641422,-5.864335418290987,-2.1695227355027185,-0.37980135478765,-1.252971335207825,8.0
10.2162207869572,-27.229843435043428,-13.650198710136957,-8.030130800648479,0.4940434027617651,-12.632186098596774,2.072210897671124,0.09509548763348505,-4.214225693356522,0.6609177995562826,-0.20480474720935407,-1.5581429993030724,9.0
